/*
SQLyog Ultimate v11.11 (64 bit)
MySQL - 5.5.34 : Database - absenkeren
*********************************************************************
*/

/*!40101 SET NAMES utf8 */;

/*!40101 SET SQL_MODE=''*/;

/*!40014 SET @OLD_UNIQUE_CHECKS=@@UNIQUE_CHECKS, UNIQUE_CHECKS=0 */;
/*!40014 SET @OLD_FOREIGN_KEY_CHECKS=@@FOREIGN_KEY_CHECKS, FOREIGN_KEY_CHECKS=0 */;
/*!40101 SET @OLD_SQL_MODE=@@SQL_MODE, SQL_MODE='NO_AUTO_VALUE_ON_ZERO' */;
/*!40111 SET @OLD_SQL_NOTES=@@SQL_NOTES, SQL_NOTES=0 */;
CREATE DATABASE /*!32312 IF NOT EXISTS*/`absenkeren` /*!40100 DEFAULT CHARACTER SET latin1 */;

USE `absenkeren`;

/*Table structure for table `t_absen` */

DROP TABLE IF EXISTS `t_absen`;

CREATE TABLE `t_absen` (
  `id_absen` int(10) NOT NULL AUTO_INCREMENT,
  `nis` varchar(20) DEFAULT NULL,
  `bulan` varchar(20) DEFAULT NULL,
  `m1` varchar(30) DEFAULT NULL,
  `m2` varchar(30) DEFAULT NULL,
  `m3` varchar(30) DEFAULT NULL,
  `m4` varchar(30) DEFAULT NULL,
  PRIMARY KEY (`id_absen`)
) ENGINE=InnoDB AUTO_INCREMENT=337 DEFAULT CHARSET=latin1;

/*Data for the table `t_absen` */

insert  into `t_absen`(`id_absen`,`nis`,`bulan`,`m1`,`m2`,`m3`,`m4`) values (1,'1345678001','1','','','',''),(2,'1345678002','1','','','',''),(3,'1345678003','1','','','',''),(4,'1345678004','1','','','',''),(5,'1345678005','1','','','',''),(6,'1345678006','1','','','',''),(7,'1345678007','1','','','',''),(8,'1345678008','1','','','',''),(9,'1345678009','1','','','',''),(10,'1345678010','1','','','',''),(11,'1345678011','1','','','',''),(12,'1345678012','1','','','',''),(13,'1345678013','1','','','',''),(14,'1345678014','1','','','',''),(15,'1345678015','1','','','',''),(16,'1345678016','1','','','',''),(17,'1345678017','1','','','',''),(18,'1345678018','1','','','',''),(19,'1345678019','1','','','',''),(20,'1345678020','1','','','',''),(21,'1345678021','1','','','',''),(22,'1345678022','1','','','',''),(23,'1345678023','1','','','',''),(24,'1345678024','1','','','',''),(25,'1345678001','2','h','','',''),(26,'1345678002','2','','h','',''),(27,'1345678003','2','a','','',''),(28,'1345678004','2','h','','',''),(29,'1345678005','2','h','','',''),(30,'1345678006','2','h','','',''),(31,'1345678007','2','','','',''),(32,'1345678008','2','','','',''),(33,'1345678009','2','','','',''),(34,'1345678010','2','','','',''),(35,'1345678011','2','','','',''),(36,'1345678012','2','','','',''),(37,'1345678013','2','','','',''),(38,'1345678014','2','','','',''),(39,'1345678015','2','','','',''),(40,'1345678016','2','','','',''),(41,'1345678017','2','','','',''),(42,'1345678018','2','','','',''),(43,'1345678019','2','','','',''),(44,'1345678020','2','','','',''),(45,'1345678021','2','','','',''),(46,'1345678022','2','','','',''),(47,'1345678023','2','','','',''),(48,'1345678024','2','','','',''),(49,'1345678001','3','','','',''),(50,'1345678002','3','','','',''),(51,'1345678003','3','','','',''),(52,'1345678004','3','','','',''),(53,'1345678005','3','','','',''),(54,'1345678006','3','','','',''),(55,'1345678007','3','','','',''),(56,'1345678008','3','','','',''),(57,'1345678009','3','','','',''),(58,'1345678010','3','','','',''),(59,'1345678011','3','','','',''),(60,'1345678012','3','','','',''),(61,'1345678013','3','','','',''),(62,'1345678014','3','','','',''),(63,'1345678015','3','','','',''),(64,'1345678016','3','','','',''),(65,'1345678017','3','','','',''),(66,'1345678018','3','','','',''),(67,'1345678019','3','','','',''),(68,'1345678020','3','','','',''),(69,'1345678021','3','','','',''),(70,'1345678022','3','','','',''),(71,'1345678023','3','','','',''),(72,'1345678024','3','','','',''),(73,'1345678001','4','','','',''),(74,'1345678002','4','','','',''),(75,'1345678003','4','','','',''),(76,'1345678004','4','','','',''),(77,'1345678005','4','','','',''),(78,'1345678006','4','','','',''),(79,'1345678007','4','','','',''),(80,'1345678008','4','','','',''),(81,'1345678009','4','','','',''),(82,'1345678010','4','','','',''),(83,'1345678011','4','','','',''),(84,'1345678012','4','','','',''),(85,'1345678013','4','','','',''),(86,'1345678014','4','','','',''),(87,'1345678015','4','','','',''),(88,'1345678016','4','','','',''),(89,'1345678017','4','','','',''),(90,'1345678018','4','','','',''),(91,'1345678019','4','','','',''),(92,'1345678020','4','','','',''),(93,'1345678021','4','','','',''),(94,'1345678022','4','','','',''),(95,'1345678023','4','','','',''),(96,'1345678024','4','','','',''),(97,'1345678001','5','','','',''),(98,'1345678002','5','','','',''),(99,'1345678003','5','','','',''),(100,'1345678004','5','','','',''),(101,'1345678005','5','','','',''),(102,'1345678006','5','','','',''),(103,'1345678007','5','','','',''),(104,'1345678008','5','','','',''),(105,'1345678009','5','','','',''),(106,'1345678010','5','','','',''),(107,'1345678011','5','','','',''),(108,'1345678012','5','','','',''),(109,'1345678013','5','','','',''),(110,'1345678014','5','','','',''),(111,'1345678015','5','','','',''),(112,'1345678016','5','','','',''),(113,'1345678017','5','','','',''),(114,'1345678018','5','','','',''),(115,'1345678019','5','','','',''),(116,'1345678020','5','','','',''),(117,'1345678021','5','','','',''),(118,'1345678022','5','','','',''),(119,'1345678023','5','','','',''),(120,'1345678024','5','','','',''),(121,'1345678001','6','','','',''),(122,'1345678002','6','','','',''),(123,'1345678003','6','','','',''),(124,'1345678004','6','','','',''),(125,'1345678005','6','','','',''),(126,'1345678006','6','','','',''),(127,'1345678007','6','','','',''),(128,'1345678008','6','','','',''),(129,'1345678009','6','','','',''),(130,'1345678010','6','','','',''),(131,'1345678011','6','','','',''),(132,'1345678012','6','','','',''),(133,'1345678013','6','','','',''),(134,'1345678014','6','','','',''),(135,'1345678015','6','','','',''),(136,'1345678016','6','','','',''),(137,'1345678017','6','','','',''),(138,'1345678018','6','','','',''),(139,'1345678019','6','','','',''),(140,'1345678020','6','','','',''),(141,'1345678021','6','','','',''),(142,'1345678022','6','','','',''),(143,'1345678023','6','','','',''),(144,'1345678024','6','','','',''),(145,'1345678001','7','','','',''),(146,'1345678002','7','','','',''),(147,'1345678003','7','','','',''),(148,'1345678004','7','','','',''),(149,'1345678005','7','','','',''),(150,'1345678006','7','','','',''),(151,'1345678007','7','','','',''),(152,'1345678008','7','','','',''),(153,'1345678009','7','','','',''),(154,'1345678010','7','','','',''),(155,'1345678011','7','','','',''),(156,'1345678012','7','','','',''),(157,'1345678013','7','','','',''),(158,'1345678014','7','','','',''),(159,'1345678015','7','','','',''),(160,'1345678016','7','','','',''),(161,'1345678017','7','','','',''),(162,'1345678018','7','','','',''),(163,'1345678019','7','','','',''),(164,'1345678020','7','','','',''),(165,'1345678021','7','','','',''),(166,'1345678022','7','','','',''),(167,'1345678023','7','','','',''),(168,'1345678024','7','','','',''),(169,'1345678001','8','h','','',''),(170,'1345678002','8','h','','',''),(171,'1345678003','8','h','','',''),(172,'1345678004','8','','','',''),(173,'1345678005','8','','','',''),(174,'1345678006','8','','','',''),(175,'1345678007','8','','','',''),(176,'1345678008','8','','','',''),(177,'1345678009','8','h','','',''),(178,'1345678010','8','h','','',''),(179,'1345678011','8','h','','',''),(180,'1345678012','8','i','','',''),(181,'1345678013','8','i','','',''),(182,'1345678014','8','i','','',''),(183,'1345678015','8','i','','',''),(184,'1345678016','8','i','','',''),(185,'1345678017','8','','','',''),(186,'1345678018','8','','','',''),(187,'1345678019','8','','','',''),(188,'1345678020','8','','','',''),(189,'1345678021','8','','','',''),(190,'1345678022','8','','','',''),(191,'1345678023','8','','','',''),(192,'1345678024','8','','','',''),(193,'1345678001','9','h','h','',''),(194,'1345678002','9','h','h','',''),(195,'1345678003','9','h','h','',''),(196,'1345678004','9','h','','',''),(197,'1345678005','9','s','','',''),(198,'1345678006','9','i','','',''),(199,'1345678007','9','a','','',''),(200,'1345678008','9','','','',''),(201,'1345678009','9','','','',''),(202,'1345678010','9','','','',''),(203,'1345678011','9','','','',''),(204,'1345678012','9','','','',''),(205,'1345678013','9','','','',''),(206,'1345678014','9','','','',''),(207,'1345678015','9','','','',''),(208,'1345678016','9','','','',''),(209,'1345678017','9','','','',''),(210,'1345678018','9','','','',''),(211,'1345678019','9','','','',''),(212,'1345678020','9','','','',''),(213,'1345678021','9','','','',''),(214,'1345678022','9','','','',''),(215,'1345678023','9','','','',''),(216,'1345678024','9','','','',''),(217,'1345678001','10','','','',''),(218,'1345678002','10','','','',''),(219,'1345678003','10','','','',''),(220,'1345678004','10','','','',''),(221,'1345678005','10','','','',''),(222,'1345678006','10','','','',''),(223,'1345678007','10','','','',''),(224,'1345678008','10','','','',''),(225,'1345678009','10','','','',''),(226,'1345678010','10','','','',''),(227,'1345678011','10','','','',''),(228,'1345678012','10','','','',''),(229,'1345678013','10','','','',''),(230,'1345678014','10','','','',''),(231,'1345678015','10','','','',''),(232,'1345678016','10','','','',''),(233,'1345678017','10','','','',''),(234,'1345678018','10','','','',''),(235,'1345678019','10','','','',''),(236,'1345678020','10','','','',''),(237,'1345678021','10','','','',''),(238,'1345678022','10','','','',''),(239,'1345678023','10','','','',''),(240,'1345678024','10','','','',''),(241,'1345678001','11','','','',''),(242,'1345678002','11','','','',''),(243,'1345678003','11','','','',''),(244,'1345678004','11','','','',''),(245,'1345678005','11','','','',''),(246,'1345678006','11','','','',''),(247,'1345678007','11','','','',''),(248,'1345678008','11','','','',''),(249,'1345678009','11','','','',''),(250,'1345678010','11','','','',''),(251,'1345678011','11','','','',''),(252,'1345678012','11','','','',''),(253,'1345678013','11','','','',''),(254,'1345678014','11','','','',''),(255,'1345678015','11','','','',''),(256,'1345678016','11','','','',''),(257,'1345678017','11','','','',''),(258,'1345678018','11','','','',''),(259,'1345678019','11','','','',''),(260,'1345678020','11','','','',''),(261,'1345678021','11','','','',''),(262,'1345678022','11','','','',''),(263,'1345678023','11','','','',''),(264,'1345678024','11','','','',''),(265,'1345678001','12','','','',''),(266,'1345678002','12','','','',''),(267,'1345678003','12','','','',''),(268,'1345678004','12','','','',''),(269,'1345678005','12','','','',''),(270,'1345678006','12','','','',''),(271,'1345678007','12','','','',''),(272,'1345678008','12','','','',''),(273,'1345678009','12','','','',''),(274,'1345678010','12','','','',''),(275,'1345678011','12','','','',''),(276,'1345678012','12','','','',''),(277,'1345678013','12','','','',''),(278,'1345678014','12','','','',''),(279,'1345678015','12','','','',''),(280,'1345678016','12','','','',''),(281,'1345678017','12','','','',''),(282,'1345678018','12','','','',''),(283,'1345678019','12','','','',''),(284,'1345678020','12','','','',''),(285,'1345678021','12','','','',''),(286,'1345678022','12','','','',''),(287,'1345678023','12','','','',''),(288,'1345678024','12','','','',''),(289,'1345678025','1','','','',''),(290,'1345678025','2','','','',''),(291,'1345678025','3','','','',''),(292,'1345678025','4','','','',''),(293,'1345678025','5','','','',''),(294,'1345678025','6','','','',''),(295,'1345678025','7','','','',''),(296,'1345678025','8','','','',''),(297,'1345678025','9','','','',''),(298,'1345678025','10','','','',''),(299,'1345678025','11','','','',''),(300,'1345678025','12','','','',''),(301,'1345678026','1','','','',''),(302,'1345678026','2','','','',''),(303,'1345678026','3','','','',''),(304,'1345678026','4','','','',''),(305,'1345678026','5','','','',''),(306,'1345678026','6','','','',''),(307,'1345678026','7','','','',''),(308,'1345678026','8','h','','',''),(309,'1345678026','9','','','',''),(310,'1345678026','10','','','',''),(311,'1345678026','11','','','',''),(312,'1345678026','12','','','',''),(325,'1345678027','1','','','',''),(326,'1345678027','2','','','',''),(327,'1345678027','3','','','',''),(328,'1345678027','4','','','',''),(329,'1345678027','5','','','',''),(330,'1345678027','6','','','',''),(331,'1345678027','7','','','',''),(332,'1345678027','8','','','',''),(333,'1345678027','9','','','',''),(334,'1345678027','10','','','',''),(335,'1345678027','11','','','',''),(336,'1345678027','12','','','','');

/*Table structure for table `t_kelas` */

DROP TABLE IF EXISTS `t_kelas`;

CREATE TABLE `t_kelas` (
  `id_kelas` int(5) NOT NULL,
  `nama_kelas` varchar(10) DEFAULT NULL,
  PRIMARY KEY (`id_kelas`)
) ENGINE=InnoDB DEFAULT CHARSET=latin1;

/*Data for the table `t_kelas` */

insert  into `t_kelas`(`id_kelas`,`nama_kelas`) values (1,'XII RPL1'),(2,'XII TKJ'),(3,'XII MM'),(4,'XII AVI4');

/*Table structure for table `t_murid` */

DROP TABLE IF EXISTS `t_murid`;

CREATE TABLE `t_murid` (
  `nis` varchar(11) NOT NULL,
  `no_absen` int(5) DEFAULT NULL,
  `nm_siswa` varchar(50) DEFAULT NULL,
  `kelas` varchar(10) DEFAULT NULL,
  PRIMARY KEY (`nis`)
) ENGINE=InnoDB DEFAULT CHARSET=latin1;

/*Data for the table `t_murid` */

insert  into `t_murid`(`nis`,`no_absen`,`nm_siswa`,`kelas`) values ('1345678001',1,'Ateng','XII RPL1'),('1345678002',2,'Budi Doremi','XII RPL1'),('1345678003',3,'Doni Rojer','XII RPL1'),('1345678004',4,'Jaka Ningrat','XII RPL1'),('1345678005',5,'Muhammad Ilham Hidayat','XII RPL1'),('1345678006',6,'Sule','XII RPL1'),('1345678007',7,'Wawan','XII RPL1'),('1345678008',8,'Yuliawati','XII RPL1'),('1345678009',1,'Chriss John','XII TKJ'),('1345678010',2,'Kori','XII TKJ'),('1345678011',3,'Lucy Evalia','XII TKJ'),('1345678012',4,'Lulu Tobing','XII TKJ'),('1345678013',5,'Munir El Hadaadi','XII TKJ'),('1345678014',6,'Nunuk','XII TKJ'),('1345678015',7,'Puri','XII TKJ'),('1345678016',8,'Zeze','XII TKJ'),('1345678017',1,'Bima Sakti','XII MM'),('1345678018',2,'Duruk','XII MM'),('1345678019',3,'Derek','XII MM'),('1345678020',4,'Dongeng','XII MM'),('1345678021',5,'Janet','XII MM'),('1345678022',6,'Kunkun','XII MM'),('1345678023',7,'Lulu Minder','XII MM'),('1345678024',8,'Qiu qiu','XII MM'),('1345678025',NULL,'Yusi Similikiti','XII RPL1'),('1345678026',NULL,'Zuned','XII TKJ'),('1345678027',NULL,'Jun','XII RPL1');

/*!40101 SET SQL_MODE=@OLD_SQL_MODE */;
/*!40014 SET FOREIGN_KEY_CHECKS=@OLD_FOREIGN_KEY_CHECKS */;
/*!40014 SET UNIQUE_CHECKS=@OLD_UNIQUE_CHECKS */;
/*!40111 SET SQL_NOTES=@OLD_SQL_NOTES */;
